{"cameraMode":{"drawMode":0,"name":"Shaded","section":"Shading Mode"},"sceneLighting":true,"audioPlay":false,"sceneViewState":{"showFog":true,"showMaterialUpdate":false,"showSkybox":true,"showFlares":true,"showImageEffects":true,"showParticleSystems":true},"in2DMode":false,"pivot":{"x":0.09430551528930664,"y":-0.22378945350646974,"z":-0.8466718196868897},"rotation":{"x":-0.15480363368988038,"y":0.685814380645752,"z":-0.1528637558221817,"w":-0.6945112943649292},"size":5.216513633728027,"orthographic":false}