{"cameraMode":{"drawMode":0,"name":"Shaded","section":"Shading Mode"},"sceneLighting":true,"audioPlay":false,"sceneViewState":{"showFog":true,"showMaterialUpdate":false,"showSkybox":true,"showFlares":true,"showImageEffects":true,"showParticleSystems":true},"in2DMode":false,"pivot":{"x":2.0366015434265138,"y":-4.770262718200684,"z":5.970253944396973},"rotation":{"x":-0.3175881505012512,"y":-0.2103864550590515,"z":0.07248733937740326,"w":-0.9217513799667358},"size":16.888809204101564,"orthographic":false}